{
	"name": "SX126x-Arduino",
	"version": "1.0.1",
	"keywords": [
		"lora",
		"Semtech",
		"SX126x"
	],
	"description": "Arduino library to use Semtech SX126x LoRa chips and modules to communicate",
	"frameworks": [
		"arduino"
	],
	"platforms": [
		"espressif32, nordicnrf52, esp8266, nrf52"
	],
	"license": [
		"MIT License"
	],
    "examples":
    [
        "examples/*/*.ino"
    ],
	"authors": [
		{
			"email": "beegee@giesecke.tk",
			"url": "https://www.desire.giesecke.tk",
			"maintainer": true,
			"name": "Bernd Giesecke"
		}
	],
	"repository": {
		"type": "git",
		"url": "https://github.com/beegee-tokyo/SX126x-Arduino"
	},
	"homepage": "https://github.com/beegee-tokyo/SX126x-Arduino"
}
